id,resource_file_id,created_at,modified_at,description,storage_file,external_url,cover_image,title,language_code,country_code,sort_order,filename,size_kb,mimetype,md5_checksum
picsa_manual_chichewa,picsa_manual,2024-04-05 15:30:18.009296+00,2024-04-05 15:30:18.009296+00,,,https://firebasestorage.googleapis.com/v0/b/picsa-apps.appspot.com/o/picsa%2Fmanuals%2Fpicsa-manual-chichewa.pdf?alt=media&token=d03031db-9e83-4a0a-a5be-7c3d1d42f98b,,Buku la PICSA (Extension),chichewa,,1,picsa-manual-chichewa.pdf,2000,application/pdf,80d3b08815a41c1124aab095b3fd4b8f
picsa_manual_chichewa_farmer,picsa_manual,2024-04-05 15:30:18.009296+00,2024-04-05 15:30:18.009296+00,,,https://firebasestorage.googleapis.com/v0/b/picsa-apps.appspot.com/o/picsa%2Fmanuals%2Fpicsa-manual-chichewa-farmer.pdf?alt=media&token=c43a2f2a-ae68-49b9-bb15-31ad788c48d5,,Buku la PICSA (Farmer),chichewa,,1,picsa-manual-chichewa-farmer.pdf,4331,application/pdf,21916722d4cbfc6e27ea15fb2f03145a
picsa_manual_farmer,picsa_manual,2024-04-05 15:30:18.009296+00,2024-04-05 15:30:18.009296+00,,,https://firebasestorage.googleapis.com/v0/b/picsa-apps.appspot.com/o/picsa%2Fmanuals%2Fpicsa-manual-farmer.pdf?alt=media&token=92ddbd84-7ae8-44d5-ac27-5876e92fab37,,PICSA Manual (Farmer),english,,1,picsa-manual-farmer.pdf,1184,application/pdf,7d191f7148a023ac812daa0a2dd2826c
picsa_manual_tajik,picsa_manual,2024-04-05 15:30:18.009296+00,2024-04-05 15:30:18.009296+00,,,https://firebasestorage.googleapis.com/v0/b/picsa-apps.appspot.com/o/picsa%2Fmanuals%2Fpicsa_manual_tajik.pdf?alt=media&token=b8669e3c-9eae-4443-b743-6b1881990d81,,ПИКСА (Забони тоҷикӣ),tajik,,1,picsa_manual_tajik.pdf,2611,application/pdf,46d27ff52886ebfe67a15dd726a49a3f
picsa_manual_tumbuka,picsa_manual,2024-04-05 15:30:18.009296+00,2024-04-05 15:30:18.009296+00,,,https://firebasestorage.googleapis.com/v0/b/picsa-apps.appspot.com/o/picsa%2Fmanuals%2Fpicsa-manual-tumbuka.pdf?alt=media&token=ccaa5881-2200-48de-8799-69179b8109e0,,Buku la PICSA,tumbuka,,1,picsa-field-manual-tumbuka.pdf,1955,application/pdf,39f969656877f0dc19ae392d7db8178c
farmer_historic_climate_mw_ny_360p,picsa_farmer_historic_climate,2024-04-05 15:30:18.009296+00,2024-04-05 15:30:18.009296+00,,,https://firebasestorage.googleapis.com/v0/b/picsa-apps.appspot.com/o/picsa%2Fvideos%2Ffarmer_mw_ny_360p%2F3.%20Historic%20Climate%20Info.mp4?alt=media&token=79d1ec35-7bc8-4dc1-a1dc-09abb7cb1585,,Historic Climate,chichewa,,1,farmer_historic_climate_mw_ny_360p.mp4,22243,video/mp4,34146918bbdb7e4dd66525283d355d74
farmer_historic_climate_zm_ny_360p,picsa_farmer_historic_climate,2024-04-05 15:30:18.009296+00,2024-04-05 15:30:18.009296+00,,,https://firebasestorage.googleapis.com/v0/b/picsa-apps.appspot.com/o/picsa%2Fvideos%2Ffarmer_zm_ny_360p%2F3.%20%20Historic%20Climate%20Information.mp4?alt=media&token=a64c8696-35c1-4fe0-9a8d-f3bead09d593,,Historic Climate,chichewa,,1,farmer_historic_climate_zm_ny_360p.mp4,17362,video/mp4,f2e0293ff76b6c852f4549aa73d08051
farmer_options_mw_ny_360p,picsa_farmer_options,2024-04-05 15:30:18.009296+00,2024-04-05 15:30:18.009296+00,,,https://firebasestorage.googleapis.com/v0/b/picsa-apps.appspot.com/o/picsa%2Fvideos%2Ffarmer_mw_ny_360p%2F5.%20Options.mp4?alt=media&token=8a8c45d7-c37d-4eed-8010-0ba4938e8bde,,Options,chichewa,,1,farmer_options_mw_ny_360p.mp4,23895,video/mp4,d6a120bfd36fd8209d189b4c7a2ab66c
farmer_options_zm_ny_360p,picsa_farmer_options,2024-04-05 15:30:18.009296+00,2024-04-05 15:30:18.009296+00,,,https://firebasestorage.googleapis.com/v0/b/picsa-apps.appspot.com/o/picsa%2Fvideos%2Ffarmer_zm_ny_360p%2F5.%20%20Options.mp4?alt=media&token=b4f61ebc-9ce3-40f4-8fee-a8e5f912c9e6,,Options,chichewa,,1,farmer_options_zm_ny_360p.mp4,20093,video/mp4,78cca3684177bcceb127e9314949a669
farmer_participatory_budget_mw_ny_360p,picsa_farmer_pbs,2024-04-05 15:30:18.009296+00,2024-04-05 15:30:18.009296+00,,,https://firebasestorage.googleapis.com/v0/b/picsa-apps.appspot.com/o/picsa%2Fvideos%2Ffarmer_mw_ny_360p%2F6.%20Participatory%20Budgets.mp4?alt=media&token=80530f77-35bd-48b9-bd7a-ed1400e2b449,,Participatory Budgets,chichewa,,1,farmer_participatory_budget_mw_ny_360p.mp4,24938,video/mp4,933e92eb90875bed4a1029244cd11270
farmer_participatory_budget_zm_ny_360p,picsa_farmer_pbs,2024-04-05 15:30:18.009296+00,2024-04-05 15:30:18.009296+00,,,https://firebasestorage.googleapis.com/v0/b/picsa-apps.appspot.com/o/picsa%2Fvideos%2Ffarmer_zm_ny_360p%2F6.%20%20Participatory%20Budgets.mp4?alt=media&token=83083852-0b13-4fd5-a607-e33ed4745396,,Participatory Budgets,chichewa,,1,farmer_participatory_budget_zm_ny_360p.mp4,22868,video/mp4,a52c0c86ffe01ff6430ef03575c4f1b3
farmer_probability_risk_mw_ny_360p,picsa_farmer_probability,2024-04-05 15:30:18.009296+00,2024-04-05 15:30:18.009296+00,,,https://firebasestorage.googleapis.com/v0/b/picsa-apps.appspot.com/o/picsa%2Fvideos%2Ffarmer_mw_ny_360p%2F4.%20Probability%20and%20Risk.mp4?alt=media&token=a40efecf-97c1-497c-9ac3-d359c6b35bdc,,Probability and Risk,chichewa,,1,farmer_probability_risk_mw_ny_360p.mp4,15476,video/mp4,7a16e9f97cc38af86db73b5375620188
farmer_probability_risk_zm_ny_360p,picsa_farmer_probability,2024-04-05 15:30:18.009296+00,2024-04-05 15:30:18.009296+00,,,https://firebasestorage.googleapis.com/v0/b/picsa-apps.appspot.com/o/picsa%2Fvideos%2Ffarmer_zm_ny_360p%2F4.%20%20Probability%20and%20Risk.mp4?alt=media&token=fde8fd2a-b948-41ee-8faf-006554296294,,Probability and Risk,chichewa,,1,farmer_probability_risk_zm_ny_360p.mp4,15212,video/mp4,3bcb23740c3bc04ddab8e518882abe0e
farmer_ram_mw_ny_360p,picsa_farmer_ram,2024-04-05 15:30:18.009296+00,2024-04-05 15:30:18.009296+00,,,https://firebasestorage.googleapis.com/v0/b/picsa-apps.appspot.com/o/picsa%2Fvideos%2Ffarmer_mw_ny_360p%2F1.%20Resource%20Allocation%20Map.mp4?alt=media&token=389663db-b51b-447f-97fb-8cac3596cf08,,Resource Allocation Maps,chichewa,,1,farmer_ram_mw_ny_360p.mp4,13849,video/mp4,3a45d2aa858b9346b82344f3f9b07be1
farmer_ram_zm_ny_360p,picsa_farmer_ram,2024-04-05 15:30:18.009296+00,2024-04-05 15:30:18.009296+00,,,https://firebasestorage.googleapis.com/v0/b/picsa-apps.appspot.com/o/picsa%2Fvideos%2Ffarmer_zm_ny_360p%2F1.%20%20Resource%20Allocation%20Maps.mp4?alt=media&token=d5279c07-7ccb-42b7-980b-6d168cce40a2,,Resource Allocation Maps,chichewa,,1,farmer_ram_zm_ny_360p.mp4,13446,video/mp4,e0afe2791e2ed24bed2148f9977e34a9
farmer_seasonal_calendar_mw_ny_360p,picsa_farmer_calendar,2024-04-05 15:30:18.009296+00,2024-04-05 15:30:18.009296+00,,,https://firebasestorage.googleapis.com/v0/b/picsa-apps.appspot.com/o/picsa%2Fvideos%2Ffarmer_mw_ny_360p%2F2.%20Seasonal%20Calendar.mp4?alt=media&token=3c51f6bc-82bb-4a85-83b2-7740ca8a0d14,,Seasonal Calendar,chichewa,,1,farmer_seasonal_calendar_mw_ny_360p.mp4,15010,video/mp4,61e55aa62764a62c9fd6f181e1c092d0
farmer_seasonal_calendar_zm_ny_360p,picsa_farmer_calendar,2024-04-05 15:30:18.009296+00,2024-04-05 15:30:18.009296+00,,,https://firebasestorage.googleapis.com/v0/b/picsa-apps.appspot.com/o/picsa%2Fvideos%2Ffarmer_zm_ny_360p%2F2.%20%20Seasonal%20Calendar.mp4?alt=media&token=e47c8178-2416-42b3-9c72-8df2efcf3c95,,Seasonal Calendar,chichewa,,1,farmer_seasonal_calendar_zm_ny_360p.mp4,12415,video/mp4,3420a2b421d6c6da8441e971b8520bc0
downscaled_forecast_2023_kasungu_ny,downscaled_forecast_2023_kasungu_en,2024-04-05 15:30:18.009296+00,2024-04-05 15:30:18.009296+00,,,https://firebasestorage.googleapis.com/v0/b/picsa-apps.appspot.com/o/weather%2FSeasonal%20Forecasts%2FKASUNGU_Chichewa_Poster_2023_2024_compressed.pdf?alt=media&token=18da5ae1-09dc-4224-b742-0e555cf584fe,,ULOSI WA KAGWEDWE KA MVULA M’BOMA LA KASUNGU M’DZINJA LA 2023-2024,ny,,1,forecast-kasungu-chichewa.pdf,381,application/pdf,5e9c7141d11bc6fab0c113487e46d410
downscaled_forecast_2023_nkhotakota_ny,downscaled_forecast_2023_nkhotakota_en,2024-04-05 15:30:18.009296+00,2024-04-05 15:30:18.009296+00,,,https://firebasestorage.googleapis.com/v0/b/picsa-apps.appspot.com/o/weather%2FSeasonal%20Forecasts%2FNKHOTAKOTA_Chichewa_Poster_2023_2024_compressed.pdf?alt=media&token=2e4d14cf-2e82-48ac-9222-e8020791c50b,,ULOSI WA KAGWEDWE KA MVULA M’BOMA LA NKHOTAKOTA M’DZINJA LA 2023-2024,ny,,1,forecast-nkhotakota-chichewa.pdf,416,application/pdf,70a8fb7adb64982e630d4d3890880c72
rainfall_forecast_2023_zm_ny,rainfall_forecast_2023_zm,2024-04-05 15:30:18.009296+00,2024-04-05 15:30:18.009296+00,,,https://firebasestorage.googleapis.com/v0/b/picsa-apps.appspot.com/o/weather%2FSeasonal%20Forecasts%2FZambia_Chinyanja_Rainfall_Forecast_2023_2024.pdf?alt=media&token=d700185e-b833-47b1-95a9-bc1e83d13bc9,,KULOZERA ZA NYENGO YA MVULA YA CAKA CA 2023/2024,ny,,1,Zambia_Chinyanja_Rainfall_Forecast_2023_2024.pdf,500,application/pdf,76a01e3a99ff0abca5708bd020c3b5bf
