id,created_at,tool,context,text,mw_ny,ke_sw,tj_tg,zm_ny,archived
budget-activities-applyfertiliser,2024-05-22 15:40:22.95126+00,budget,activities,apply fertiliser,kuthira feteleza,,Ба кор нуриҳо муроҷиат кунед,thirani fatatleza,
common--whatishappeningtotheclimateinyourarea,2024-07-22 00:49:14.474008+00,common,,What is happening to the climate in your area?,,,,Kodi chikuchitika ni chiyani ku nyengo m�dera lanu?,
budget-activities-buildhousing,2024-05-22 15:40:23.231016+00,budget,activities,build housing,kumanga makola,,сохтани манзил,kumanga nyumba,
budget-activities-dipping,2024-05-22 15:40:23.350954+00,budget,activities,dipping,kupanga dipi ziweto,,ғӯтонда,kupaka,
budget-activities-feedinglivestock,2024-05-22 15:40:23.410889+00,budget,activities,feeding livestock,kudyetsa ziweto,,таъом додани чорводорӣ,kudyetsa ziweto,
budget-activities-providesupplements,2024-05-22 15:40:23.841012+00,budget,activities,provide supplements,kupereka zakudya zoonjezera,,лавозимотро таъмин кунед,perekani zothandizila,
budget-activities-providewater,2024-05-22 15:40:23.911055+00,budget,activities,provide water,kupereka madzi ku ziweto,,Таъмини об,perekani madzi,
budget-activities-purchase,2024-05-22 15:40:23.970939+00,budget,activities,purchase,kugula,,харидан,gulani,
budget-activities-relocation,2024-05-22 15:40:24.030947+00,budget,activities,relocation,kusamutsa ziweso,,кӯчдиҳӣ,kusamukira,
budget-activities-sowing,2024-05-22 15:40:24.150997+00,budget,activities,sowing,kufesa,,кишти,kufesa,
budget-activities-transportlivestock,2024-05-22 15:40:24.390997+00,budget,activities,transport livestock,kunyamula ziweto,,Нақлиёт,kunyamula ziweto,
budget-activities-vaccinate,2024-05-22 15:40:24.451004+00,budget,activities,vaccinate,kupereka katemela,,пайванд кардан,katemera,
budget-activities-watering,2024-05-22 15:40:24.570987+00,budget,activities,watering,kuthirira,,обёрӣ,kuthirira,
budget-activities-weeding,2024-05-22 15:40:24.63116+00,budget,activities,weeding,kupalira,,хишова,kupalira,
budget-enterprise-afforestation,2024-05-22 15:40:24.690928+00,budget,enterprise,afforestation,kudzala mitengo,,орадодӣ,kubyala mitengo,
budget-enterprise-cattle,2024-05-22 15:40:24.75111+00,budget,enterprise,cattle,ng'ombe,,ҳайвон,ng'ombe,
budget-enterprise-chicken,2024-05-22 15:40:24.810912+00,budget,enterprise,chicken,nkhuku,,чӯҷа,nkhuku,
budget-enterprise-cowpeas,2024-05-22 15:40:24.880887+00,budget,enterprise,cowpeas,khobwe,,гов,nyemba,
budget-enterprise-ducks,2024-05-22 15:40:24.940872+00,budget,enterprise,ducks,abakha,,мурғ,abakha,
budget-enterprise-fish,2024-05-22 15:40:25.001094+00,budget,enterprise,fish,nsomba,,моҳӣ,nsomba,
budget-enterprise-goats,2024-05-22 15:40:25.061002+00,budget,enterprise,goats,mbuzi,,бузҳо,mbuzi,
budget-enterprise-groundnuts,2024-05-22 15:40:25.120976+00,budget,enterprise,groundnuts,mtedza,,заминӣ,nshawa,
budget-enterprise-guineafowl,2024-05-22 15:40:25.180966+00,budget,enterprise,guinea fowl,nkhanga,,Гвинея парранда,nkhanga,
budget-enterprise-maize,2024-05-22 15:40:25.241043+00,budget,enterprise,maize,chimanga,,ҷуворимакка,chimanga,
budget-enterprise-mixed,2024-05-22 15:40:25.300876+00,budget,enterprise,mixed,kusakaniza,,омехта,kusakaniza,
budget-enterprise-onions,2024-05-22 15:40:25.360977+00,budget,enterprise,onions,anyezi,,,anyezi,
budget-enterprise-pawpaw,2024-05-22 15:40:25.420938+00,budget,enterprise,paw-paw,papaya,,По-По,paw-paw,
budget-enterprise-pigeonpeas,2024-05-22 15:40:25.481102+00,budget,enterprise,pigeon peas,nandolo,,нахуд кабӯтар,nyamdolo,
budget-enterprise-pigs,2024-05-22 15:40:25.571054+00,budget,enterprise,pigs,nkhumba,,хукҳо,nkhumba,
budget-enterprise-rice,2024-05-22 15:40:25.660859+00,budget,enterprise,rice,mpunga,,биринь,mpunga,
budget-enterprise-sheep,2024-05-22 15:40:25.750821+00,budget,enterprise,sheep,nkhosa,,гӯсфанд,mbelele,
budget-enterprise-sorghum,2024-05-22 15:40:25.811004+00,budget,enterprise,sorghum,mapila,,сорго,mapira,
budget-enterprise-soyabeans,2024-05-22 15:40:25.900881+00,budget,enterprise,soya beans,soya,,лӯбиёи Суй,nyemba za soya,
budget-enterprise-sweetpotatoes,2024-05-22 15:40:25.994366+00,budget,enterprise,sweet potatoes,mbatata ya kholowa,,картошка ширин,kandolo/kachamba,
budget-enterprise-tomatoes,2024-05-22 15:40:26.051094+00,budget,enterprise,tomatoes,tomato,,помидор,chimate,
budget-enterprise-watermelon,2024-05-22 15:40:26.100945+00,budget,enterprise,watermelon,mavwende,,тарбуз,vwembe,
budget-inputs-bags,2024-05-22 15:40:26.151156+00,budget,inputs,bags,matumba,,халта,matumba,
budget-inputs-chemicals,2024-05-22 15:40:26.211003+00,budget,inputs,chemicals,mankhwala,,кимиёвӣ,mankhwala,
budget-inputs-feed,2024-05-22 15:40:26.261152+00,budget,inputs,feed,zakudza za ziweto,,таъом,zakudya zaziweto (Kudyetsa),
budget-inputs-fertiliser,2024-05-22 15:40:26.32112+00,budget,inputs,fertiliser,feteleza,,нуриҳо,fataleza,
budget-activities-banding,2024-05-22 15:40:23.151009+00,budget,activities,banding,kubandila,,банд,kumangilira,true
budget-activities-compostmanuremaking,2024-05-22 15:40:23.291147+00,budget,activities,compost manure making,kupanga manyowa,,компост компост,kupanga manyowa kuzinyalala,true
budget-activities-harvesting,2024-05-22 15:40:23.460969+00,budget,activities,harvesting,kukolola,,гирдоварӣ,kukolola,true
budget-activities-landclearing,2024-05-22 15:40:23.520994+00,budget,activities,land clearing,kusosa,,тозакунии замин,kukonza malo,true
budget-activities-marketingandselling,2024-05-22 15:40:23.58089+00,budget,activities,marketing and selling,kutsatsa ndi kugulitsa,,Маркетинг ва фурӯш,kutsatsa ndi kugulitsa,true
budget-activities-mulching,2024-05-22 15:40:23.640841+00,budget,activities,mulching,kuphimbila,,пешкаш,mochi,true
budget-activities-ploughing,2024-05-22 15:40:23.700967+00,budget,activities,ploughing,kugalauza,,шудгор кардан,kugaula,true
budget-activities-shelling,2024-05-22 15:40:24.090903+00,budget,activities,shelling,kutonola/kusola,,релинг,kutongola,true
budget-activities-storage,2024-05-22 15:40:24.210843+00,budget,activities,storage,kusunga,,анбор,kasungidwe,true
budget-activities-threshing,2024-05-22 15:40:24.271009+00,budget,activities,threshing,kupuntha,,пешбинӣ,kupuntha,true
budget-activities-transport,2024-05-22 15:40:24.33087+00,budget,activities,transport,transipoti,,наклиёт,mayendedwe,true
budget-activities-valueaddition,2024-05-22 15:40:24.511097+00,budget,activities,value addition,kuwonjezera phindu,,Илова,kuwonjezera phindu,true
budget-activities-bagging,2024-05-22 15:40:23.071025+00,budget,activities,bagging,kupakila mmatumba,,халта,kuika m'mathumba,true
budget-inputs-housing,2024-05-22 15:40:26.380876+00,budget,inputs,housing,khola,,манзил,mosungila,
budget-inputs-labourpaid,2024-05-22 15:40:26.430943+00,budget,inputs,labour - paid,"ganyu ",,Меҳнати - пардохтшаванда,ntchito - yolipidwa,
budget-inputs-manuresacks,2024-05-22 15:40:26.480972+00,budget,inputs,manure sacks,matumba a manyowa,,халта,masaka ya manyowa,
budget-inputs-manurewheelbarrows,2024-05-22 15:40:26.540901+00,budget,inputs,manure wheelbarrows,wilibala ya manyowa,,поруи аробача,wilibala ya manyowa,
budget-inputs-oxcart,2024-05-22 15:40:26.59091+00,budget,inputs,ox cart,ngolo,,ароба окс,kochikali/ ngolo,
budget-inputs-potforstorage,2024-05-22 15:40:26.640805+00,budget,inputs,pot for storage,mphika wongula zinthu,,дег барои нигаҳдошт,mphika posungira,
budget-inputs-protectiveequipment,2024-05-22 15:40:26.691018+00,budget,inputs,protective equipment,zida zozitetezera pogwira ntchito,,Таҷҳизоти муҳофизатӣ,zida zoteteza,
budget-inputs-seeds,2024-05-22 15:40:26.740905+00,budget,inputs,seeds,mbewu,,тухмҳо,mbewu,
budget-inputs-shellerhire,2024-05-22 15:40:26.800917+00,budget,inputs,sheller hire,kupanga hayala chida chotonolera,,skeller киро мекунад,makina otongolera olipilidwa,
budget-inputs-supplements,2024-05-22 15:40:26.850815+00,budget,inputs,supplements,zakudya za ziweto zoowonjezera,,лавозимот,zothandizila,
budget-inputs-tools,2024-05-22 15:40:26.910889+00,budget,inputs,tools,zida,,Воситаҳо,zida,
budget-inputs-tractorhire,2024-05-22 15:40:26.961497+00,budget,inputs,tractor hire,kubweleka thirakitale,,кузинги трактор,ganyu ya thalakita,
budget-inputs-transportationhire,2024-05-22 15:40:27.010842+00,budget,inputs,transportation hire,hayala ya thiransipoti,,Корти ҳамлу нақл,mayendedwe olipira,
budget-inputs-vaccine,2024-05-22 15:40:27.070808+00,budget,inputs,vaccine,katemera,,ваксина,katemera,
budget-other-addcustom,2024-05-22 15:40:27.13098+00,budget,other,add custom,onjezani zipangizo,,одат кунед,kuikapo m'sonkho,
budget-other-familylabour,2024-05-22 15:40:27.190924+00,budget,other,family labour,ntchito yogwiridwa ndi amubanjamo,,меҳнати оила,ntchito ya banja,
budget-outputs-crop,2024-05-22 15:40:27.250809+00,budget,outputs,crop,mbewu,,кишт,zokolora,
budget-outputs-eggs,2024-05-22 15:40:27.310771+00,budget,outputs,eggs,mazira,,Тухм,mazira,
budget-outputs-fodderforlivestock,2024-05-22 15:40:27.36087+00,budget,outputs,fodder for livestock,chakudya cha ziweto,,хӯроки чорво,chakudya cha ziweto,
budget-outputs-manureforcompost,2024-05-22 15:40:27.410799+00,budget,outputs,manure for compost,manyowa a kompositi,,пору барои компост,manyowa ozipangila kuzinyalala,
budget-outputs-meat,2024-05-22 15:40:27.460997+00,budget,outputs,meat,nyama,,гӯшт,nyama,
budget-outputs-milk,2024-05-22 15:40:27.52082+00,budget,outputs,milk,mkaka,,шир,mkaka,
budget-outputs-money,2024-05-22 15:40:27.570824+00,budget,outputs,money,ndalama,,пул,ndalama,
budget-outputs-wood,2024-05-22 15:40:27.631023+00,budget,outputs,wood,nkhuni,,дарахт,matabwa,
budget--addfemalemember,2024-05-22 15:40:27.750797+00,budget,,Add Female Member,Onjezerani membala wa mkazi,,,Ikamponi membala wam'kazi,
budget--addmalemember,2024-05-22 15:40:27.810973+00,budget,,Add Male Member,Onjezerani membala wa mamuna,,,Ikamponi membala wam'muna,
budget--balance,2024-05-22 15:40:27.870828+00,budget,,balance,Ndalama zotsala,,Мувозинат,Zokharira,
budget--consumed,2024-05-22 15:40:27.980828+00,budget,,consumed,Zodyedwa,,,Zosewenzetsedwa,
budget--cost,2024-05-22 15:40:28.030951+00,budget,,Cost,Mtengo,,,Mtengo,
budget--createnewbudget,2024-05-22 15:40:28.043099+00,budget,,Create New Budget,Pangani bajeti yatsopano,Unda bajeti mpya,Эҷоди буҷети нав,Pangani bajeti yatsopano,
budget--decreasescale,2024-05-22 15:40:28.101239+00,budget,,Decrease Scale,Kuchepetsa mlingo,,,Chepetsa kukula,
budget--descriptionoptional,2024-05-22 15:40:28.160918+00,budget,,Description (optional),Kufotokozera (Mukhoza osalemba),,Тавсиф (ихтиёрӣ),Kufotokozera (posankha),
budget--editbudget,2024-05-22 15:40:28.220836+00,budget,,Edit Budget,Sinthani bajeti,,,Kupitamonso mu bajeti,
budget--enterprise,2024-05-22 15:40:28.280806+00,budget,,Enterprise,bizinesi,,Корхона,malonda,
budget--familylabour,2024-05-22 15:40:28.330954+00,budget,,Family Labour,ntchito yogwiridwa ndi amubanjamo,,меҳнати оила,ntchito ya banja,
budget--femalemember,2024-05-22 15:40:28.380808+00,budget,,Female Member,Membala wa mkazi,,,Membala wam'kazi,
budget--howlongisyourbudgetfor,2024-05-22 15:40:28.500973+00,budget,,How long is your budget for?,bajeti yanu imakhala yayitali bwanji?,,Буҷаи шумо чанд вақт аст?,bajeti yanu imakhala yayitali motani?,
budget--import,2024-05-22 15:40:28.570839+00,budget,,Import,Kutenga bajeti yokonzedwa,,,Kuika nji,
budget--importbudgetcode,2024-05-22 15:40:28.630818+00,budget,,Import Budget Code,lowetsani nambala ya bajeti,,,nambala ya bajeti,
budget--increasescale,2024-05-22 15:40:28.690887+00,budget,,Increase Scale,onjezerani mulingo,,,kuchulukitsa,
budget--inputs,2024-05-22 15:40:28.75092+00,budget,,Inputs,zolowa,Pembejeo,Саҳмҳо,zolowa,
budget--legend,2024-05-22 15:40:28.810851+00,budget,,Legend,Zizindikiro,,,Wosaiwalika,
budget--malemember,2024-05-22 15:40:28.861017+00,budget,,Male Member,Membala wa mamuna,,,Membala wam'muna,
budget--nooutputsproduceforconsumption,2024-05-22 15:40:28.961294+00,budget,,No outputs produce for consumption,Palibe zokolora zomwe zagwiritsidwa (zadyedwa) ntchito pakhomo,,,Palibe zokolola zakudya pakhomo,
budget--outputs,2024-05-22 15:40:29.020833+00,budget,,Outputs,zotuluka,Matokeo,Натиҷаҳо,zotuluka,
budget--produceconsumed,2024-05-22 15:40:29.08087+00,budget,,Produce Consumed,zokolola zomwe zagwiritsidwa ntchito,Kuzalisha Iliyotumiwa,Маҳсулоти истеъмолшуда,zokolola zomwe zagwiritsidwa ntchito,
budget--quantity,2024-05-22 15:40:29.190801+00,budget,,Quantity,kuchuluka,,,kuchuluka kwake,
budget--saveyourbudget,2024-05-22 15:40:29.240803+00,budget,,Save your budget,sungani bajeti yanu,,,sungani bajeti yanu,
budget--savedbudgets,2024-05-22 15:40:29.291031+00,budget,,Saved Budgets,bajeti zosungidwa,Bajeti zilizohifadhiwa,Буҷетҳои захирашуда,bajeti zosungidwa,
budget--select,2024-05-22 15:40:29.350824+00,budget,,Select,sankhani,,Интихоб кардан,sankhani,
budget--shareapplink,2024-05-22 15:40:29.410928+00,budget,,Share App Link,Tumizani progalamu,,,Gawani ulalo wa app,
budget--forsale,2024-05-22 15:40:28.441053+00,budget,,For Sale,,,,Zogullitsidwa,
budget--newbudget,2024-05-22 15:40:28.910776+00,budget,,New Budget,,,,Bajeti Yatsopano,
budget--purchased,2024-05-22 15:40:29.140998+00,budget,,Purchased,,,,Zogulidwa,
budget--sharebudget,2024-05-22 15:40:29.460957+00,budget,,Share Budget,tumizani bajeti kwa ena,,,gawani bajeti,
budget--shareaspicture,2024-05-22 15:40:29.521004+00,budget,,Share as Picture,tumizani ngati chithunzi,,,gawani monga chithunzi,
budget--showmore,2024-05-22 15:40:29.58098+00,budget,,Show More,onetsani zambiri,,Намоиши бештар,onetsani zambiri,
budget--total,2024-05-22 15:40:29.640821+00,budget,,Total,zonse pamodzi,,,zonse,
budget--totalconsumed,2024-05-22 15:40:29.700822+00,budget,,Total Consumed,Zonse zomwe zagwiritsidwa  ntchito (zadyedwa),,,Zonse Zosewenzetsadwa,
budget--totalproduced,2024-05-22 15:40:29.760843+00,budget,,Total Produced,Zokolola zonse,,,Zonse Zokololedwa,
budget--whatisyourtypeofenterprise,2024-05-22 15:40:29.820851+00,budget,,What is your type of enterprise?,kodi mtundu wanu wabizinesi ndi uti?,,Навъи корхонаи шумо чист?,kodi mtundu wanu wabizinesi ndi uti?,
budget--description,2024-05-22 15:40:29.880822+00,budget,,description,mafotokozeredwe,,,kaonekeswe,
budget--fruits,2024-05-22 15:40:29.940914+00,budget,,fruits,zipatso,,меваҳо,zipatso,
budget--livestock,2024-05-22 15:40:30.051026+00,budget,,livestock,ziweto,,чорвоӣ,ziweto,
budget--startingin,2024-05-22 15:40:30.110875+00,budget,,starting in,kuyambira mu,,Оғози,kuyambira,
budget--title,2024-05-22 15:40:30.17093+00,budget,,title,mutu,,Ном,mutu,
climate-chart-end,2024-05-22 15:40:30.220875+00,climate,chart,End,Pothera,,,Tsirizani,
climate-chart-endofseason,2024-05-22 15:40:30.290782+00,climate,chart,End of Season,Mapeto a nyengo,Mwisho wa Msimu,Охири мавсим,Kutha kwa nyengo,
climate-chart-endofseasonisdefinedasthelastdayintheseason1stoctober30thaprilwithmorethan10mmofrainfall,2024-05-22 15:40:30.350872+00,climate,chart,End of season is defined as the last day in the season (1st October - 30th April) with more than 10mm of rainfall.,Mapeto a nyengo akutanthauza tsiku lomaliza mu nyengo (1 okotobala mpaka 30 epulo) lomwe kwagwa mvula yoposa 10mm,Mwisho wa msimu hufafanuliwa kama siku ya mwisho msimu (1 Oktoba - 30 Aprili) na zaidi ya 10mm ya mvua.,Анҷоми мавсим ҳамчун рӯзи охир дар мавсими (1 октябр - 30 апрел) бо зиёда аз 10 миллион боришот муайян карда мешавад.,Kutha kwa nyengo akutanthauza tsiku lomaliza mu nyengo (1 okotobala mpaka 30 epulo) lomwe kwagwa mvula yoposa 10mm,
climate-chart-length,2024-05-22 15:40:30.69138+00,climate,chart,Length,kutalika,,Дарозӣ,kutalika,
climate-chart-lengthofseason,2024-05-22 15:40:30.771046+00,climate,chart,Length of Season,Kutalika kwa nyengo,Muda wa Msimu,Мавсими мавсим,Kutalika kwa nyengo,
climate-chart-lengthofseasonisdefinedasthetotaldaysfromthestartoftheseasonuntiltheendoftheseasonasdefined,2024-05-22 15:40:30.831055+00,climate,chart,Length of season is defined as the total days from the start of the season until the end of the season as defined,Lutalika kwa nyengo kutanthauza masiku onse kuyambira pachiyambi mpaka pamapeto a nyengo monga momwe zafotokozedwa,Urefu wa msimu hufafanuliwa kama siku zote kutoka mwanzo wa msimu mpaka mwisho wa msimu kama ilivyoelezwa,Дарозии мавсим ҳамчун рӯзҳои умумии аз оғози мавсим то охири мавсим муайян карда мешавад,Kutalika kwa nyengo kutanthauza masiku onse kuyambira pachiyambi mpaka pamapeto a nyengo monga momwe zafotokozedwa,
climate-chart-seasonalrainfall,2024-05-22 15:40:30.890971+00,climate,chart,Seasonal Rainfall,Mvula ya mu nyengo,Mvua ya msimu,Боришоти мавсимӣ,Mvula ya mu nyengo,
climate-chart-seasonaltotalrainfallmm,2024-05-22 15:40:31.051043+00,climate,chart,Seasonal Total Rainfall (mm),Mvula yathu yathunthu ya nyengo yapadera (mm),,,Mvula yathu yathunthu ya nyengo yapadera (mm),
climate-chart-seasonalrainfallisdefinedasthetotalrainrecordedfromthestartoftheseasonuntiltheendoftheseason,2024-05-22 15:40:31.110979+00,climate,chart,Seasonal rainfall is defined as the total rain recorded from the start of the season until the end of the season,Mvula ya mu nyengo imatanthauza mvula yonse yomwe yalembedwa kuti yagwa kuyambira pachiyambi mpaka pa mapeto a nyengoyo,Mvua ya msimu hufafanuliwa kama mvua ya jumla iliyoandikwa tangu mwanzo wa msimu mpaka mwisho wa msimu,Боришоти мавсимӣ ҳамчун борони умумии аз оғози мавсим то охири мавсим муайян карда мешавад,Mvula ya mu nyengo imatanthauza mvula yonse yomwe yalembedwa kuti yagwa kuyambira pachiyambi mpaka pa mapeto a nyengoyo,
climate-chart-start,2024-05-22 15:40:31.171022+00,climate,chart,Start,Kuyamba,,,Suyamba,
climate-chart-startofseason,2024-05-22 15:40:31.231091+00,climate,chart,Start of Season,chiyambi cha nyengo,Kuanza kwa Msimu,Оғози мавсим,chiyambi cha nyengo,
climate-chart-startofseasonisdefinedasthefirstoccasionfrom1stoctoberwithmorethan25mmina3dayperiodandnodryspellof10daysormorewithinthefollowing30days,2024-05-22 15:40:31.361081+00,climate,chart,Start of season is defined as the first occasion (from 1st October) with more than 25mm in a 3 day period and no dry spell of 10 days or more within the following 30 days,chiymabi cha nyengo chimatanthauza mvula yoyamba (kuyambira pa 1 okotobala) yomwe yagwa kuposa mlingo wa 25mm mu masiku atatu ndipo kuti panalibe ng'amba ya masiku oposa khumi mu masiku makumi atatu kuchokera nthawi yomwe mvula inagwa.,Mwanzo wa msimu hufafanuliwa kama tukio la kwanza (kuanzia 1 Oktoba) na zaidi ya 25mm katika kipindi cha siku 3 na harufu kavu ya siku 10 au zaidi ndani ya siku 30 zifuatazo,Оғози мавсим ҳамчун як воқеаи аввал (аз 1 октябр) бо зиёда аз 25 мм дар муддати 3-уми якрӯзаи ва на имлои хушк дар давоми 30 рӯз нест,chiymabi cha nyengo chimatanthauza mvula yoyamba (kuyambira pa 1 okotobala) yomwe yagwa kuposa mlingo wa 25mm mu masiku atatu ndipo kuti panalibe ng'amba ya masiku oposa khumi mu masiku makumi atatu kuchokera nthawi yomwe mvula inagwa.,
climate--analyse,2024-05-22 15:40:31.481184+00,climate,,Analyse,Kuzukuta,,,Fufuza,
climate--chart,2024-05-22 15:40:31.770812+00,climate,,Chart,Galafu,,,Zithunzi zazochita,
manual--stepe,2024-05-22 15:40:44.019864+00,manual,,Step E,Gawo E,,,Gawo E,
climate--capacityof100mmon1stmarchreduces05withevaporationrateof5mmperday,2024-05-22 15:40:31.711226+00,climate,,Capacity of 100mm on 1st March reduces 0.5 with evaporation rate of 5mm per day,,,,,true
climate--below,2024-05-22 15:40:31.541047+00,climate,,Below,,,,,true
budget--hours,2024-05-22 15:40:30.000873+00,budget,,hours,,,,Maola,
climate-chart-extreme,2024-05-22 15:40:30.410866+00,climate,chart,Extreme,,,,Kupitilira Muyeso,
climate-chart-extremerainfall,2024-05-22 15:40:30.471006+00,climate,chart,Extreme Rainfall,,,,Kugwa kwa Mvula kopitilira muyeso,
climate-chart-frequencyofextreme,2024-05-22 15:40:30.621055+00,climate,chart,Frequency of Extreme,Kachulukidwe ka kupyola muyeso,,,Kuchuluka kopitilira muyeso,
common--whatdoyoucurrentlydo,2024-05-22 15:40:34.260875+00,common,,What do you currently do?,,,,Mukuchita chiyani palipano?,
climate--line,2024-05-22 15:40:31.890774+00,climate,,Line,Mzere,,,Mzere,
climate--printversion,2024-05-22 15:40:31.96082+00,climate,,Print Version,zoti zikhoza kusindikizidwa,,,zolembedwa papepala,
climate--selectasite,2024-05-22 15:40:32.06086+00,climate,,Select a site,sankhani malo,Chagua tovuti,Интихоб кунед сайт,sankhani malo,
climate--share,2024-05-22 15:40:32.110788+00,climate,,Share,tumizani,,,gawani,
climate--sharechart,2024-05-22 15:40:32.170817+00,climate,,Share Chart,tumizani galafu,,,gawani chithunzi,
climate--terciles,2024-05-22 15:40:32.220854+00,climate,,Terciles,Magawo a zotsatira za kafukufuku,,,Misampha,
climate--tools,2024-05-22 15:40:32.280966+00,climate,,Tools,zida,,Воситаҳо,zida,
climate--outof,2024-05-22 15:40:32.340923+00,climate,,out of,kuchokera pa,,,kuchokera,
climate--yearsoutofevery10,2024-05-22 15:40:32.390779+00,climate,,years out of every 10,zaka pa zaka 10 zilizonse,,,zaka 10 zilizonse,
common-buttons-back,2024-05-22 15:40:32.440797+00,common,buttons,Back,Kumbuyo,,,Bwelerani,
common-buttons-cancel,2024-05-22 15:40:32.500873+00,common,buttons,Cancel,thetsani,,Манъ кардан,kutseka,
common-buttons-close,2024-05-22 15:40:32.560754+00,common,buttons,Close,Tsekani,Funga,Наздик,Tsekani,
common-buttons-delete,2024-05-22 15:40:32.620839+00,common,buttons,Delete,Kufufuta,,,Fafanizani,
common-buttons-edit,2024-05-22 15:40:32.680912+00,common,buttons,Edit,Sinthani,,,Lembani bwino,
common-buttons-next,2024-05-22 15:40:32.730867+00,common,buttons,Next,pitani tsamba lina,,Баъдӣ,ina,
common-buttons-save,2024-05-22 15:40:32.791092+00,common,buttons,Save,sungani,Hifadhi,Пул захира кардан,sungani,
common--areyousureyouwanttodelete,2024-05-22 15:40:32.920885+00,common,,Are you sure you want to delete?,Mukutsimikiza kuti mufuna mufufute?,,,Kodi mutsimikiza kuti mufuna kufufuta?,
common--climate,2024-05-22 15:40:33.10117+00,common,,Climate,Nyengo,,,Nyengo,
common--editprofiles,2024-05-22 15:40:33.22089+00,common,,Edit Profiles,Sinthani mbiri,,,Lembani bwino maprofaelo,
common--extension,2024-05-22 15:40:33.280923+00,common,,Extension,Ulangizi,,,Kukuza,
common--farmer,2024-05-22 15:40:33.341169+00,common,,Farmer,Mlimi,,,Mlimi,
common--name,2024-05-22 15:40:33.680931+00,common,,Name,Dzina,,,Dzina,
common--newprofile,2024-05-22 15:40:33.695763+00,common,,New Profile,Mbiri yatsopano,,,Profaelo yatsopano,
common--options,2024-05-22 15:40:33.760974+00,common,,Options,Zisankho,,,Zosankha,
common--probabilityandrisk,2024-05-22 15:40:33.820895+00,common,,Probability and Risk,Kuthekera and Ziopsezo,,,Mpata komanso ziophyezo,
common--resourceallocationmap,2024-05-22 15:40:33.88077+00,common,,Resource Allocation Map,,,,,
common--seasonalcalendar,2024-05-22 15:40:33.94075+00,common,,Seasonal Calendar,Kalendala ya nyengo,,,Kalenda ya Nyengo,
common--whoisusing,2024-05-22 15:40:34.37114+00,common,,Who is using?,Akugwiritsa ntchito ndi ndani?,,,Ndani akusewenzetsa,
commoncropactivity--applyfertiliser,2024-05-22 15:40:34.430935+00,common_crop_activity,,Apply Fertiliser,kuthira feteleza,,Ба кор нуриҳо муроҷиат кунед,thirani fatatleza,
commoncropactivity--sowing,2024-05-22 15:40:34.590975+00,common_crop_activity,,Sowing,kufesa,,кишти,kufesa,
commoncropactivity--watering,2024-05-22 15:40:34.661206+00,common_crop_activity,,Watering,kuthirira,,обёрӣ,kuthirira,
commoncropactivity--weeding,2024-05-22 15:40:34.730897+00,common_crop_activity,,Weeding,kupalira,,хишова,kupalira,
commoncrops--beans,2024-05-22 15:40:34.850791+00,common_crops,,Beans,Nyemba,,,Kaela,
commoncrops--cassava,2024-05-22 15:40:34.91261+00,common_crops,,Cassava,Chinangwa,,,Chinangwa,
commoncrops--cowpeas,2024-05-22 15:40:35.030894+00,common_crops,,Cowpeas,khobwe,,гов,nyemba,
commoncrops--groundnuts,2024-05-22 15:40:35.081097+00,common_crops,,Groundnuts,mtedza,,заминӣ,nshawa,
commoncrops--maize,2024-05-22 15:40:35.1411+00,common_crops,,Maize,chimanga,,ҷуворимакка,chimanga,
commoncrops--onions,2024-05-22 15:40:35.260794+00,common_crops,,Onions,anyezi,,,anyezi,
commoncrops--pawpaw,2024-05-22 15:40:35.32096+00,common_crops,,Paw-paw,papaya,,По-По,paw-paw,
commoncrops--pigeonpeas,2024-05-22 15:40:35.370749+00,common_crops,,Pigeon Peas,nandolo,,нахуд кабӯтар,nyamdolo,
commoncrops--pumpkins,2024-05-22 15:40:35.420873+00,common_crops,,Pumpkins,Maungu,,,Matanje/Maungu,
commoncrops--rice,2024-05-22 15:40:35.481079+00,common_crops,,Rice,mpunga,,биринь,mpunga,
commoncrops--sorghum,2024-05-22 15:40:35.541004+00,common_crops,,Sorghum,mapila,,сорго,mapira,
commoncrops--soyabeans,2024-05-22 15:40:35.601084+00,common_crops,,Soya Beans,soya,,лӯбиёи Суй,nyemba za soya,
commoncrops--sunflower,2024-05-22 15:40:35.660938+00,common_crops,,Sunflower,Mpendadzuwa,,,M'penya dzuwa/nsendemu,
common--hideoptions,2024-05-22 15:40:33.401136+00,common,,Hide Options,Bisani Zipangizo,,,Bimphani zosankha,true
common--isyourclimatechanging,2024-05-22 15:40:33.621465+00,common,,Is your climate changing?,,,,,true
common--showoptions,2024-05-22 15:40:33.990834+00,common,,Show Options,onetsani zipangizo,,,Wonetsani zosankha,true
climate--seasonaltotalrainfallcalculatedbetweenthedefinedstartanddefinedendoftheseason,2024-05-22 15:40:32.011223+00,climate,,Seasonal total rainfall calculated between the defined start and defined end of the season,,,,,true
common--arethechangesagoodidea,2024-05-22 15:40:32.851044+00,common,,Are the changes a good idea?,Kodi kusinthaku ndi ganizo labwino?,,,Kodi kusintha ndi lingaliro labwino?,
common--choosecountry,2024-05-22 15:40:32.980893+00,common,,Choose country,Sankhani Dziko,,,Sankhani dziko,
common--chooselanguage,2024-05-22 15:40:33.041679+00,common,,Choose language,Sankhani Chilankhulo,,,Sankhani chilankhulidwe,
common--demo,2024-05-22 15:40:33.160997+00,common,,Demo,Chionetsero,,,Chiwonetsero,
common--imafarmer,2024-05-22 15:40:33.470981+00,common,,I'm a farmer,Ndine Mlimi,,,Ndine mlimi,
common--tutorials,2024-05-22 15:40:34.04084+00,common,,Tutorials,Zitsanzo,,,Maphunziro,
common--whatbestdescribesyou,2024-05-22 15:40:34.150893+00,common,,What best describes you?,Kodi chimakufotokozani bwino nchiyani?,,,Kodi nizinthu zotani zomwe zimasulira inu bwino?,
common--whatispicsa,2024-05-22 15:40:34.310788+00,common,,What is PICSA?,Kodi PICSA ndi chiyani?,,,Kodi PICSA ndi chiyani?,
commoncrops--avocado,2024-05-22 15:40:34.791195+00,common_crops,,Avocado,,,,Kotapela,
commoncrops--cotton,2024-05-22 15:40:34.970855+00,common_crops,,Cotton,,,,Thonje,
commoncrops--mangoes,2024-05-22 15:40:35.200887+00,common_crops,,Mangoes,,,,Mango,
commoncrops--sweetpotatoes,2024-05-22 15:40:35.721021+00,common_crops,,Sweet Potatoes,mbatata ya kholowa,,картошка ширин,kandolo/kachamba,
commoncrops--tomatoes,2024-05-22 15:40:35.860846+00,common_crops,,Tomatoes,tomato,,помидор,chimate,
commondays-day1-monday,2024-05-22 15:40:35.910893+00,common_days,day_1,Monday,Lolemba,,,Pa lolemba,
commondays-day2-tuesday,2024-05-22 15:40:35.970872+00,common_days,day_2,Tuesday,Lachiwiri,,,Pa chiwiri,
commondays-day3-wednesday,2024-05-22 15:40:36.021058+00,common_days,day_3,Wednesday,Lachitatu,,,Pa chitatu,
commondays-day4-thursday,2024-05-22 15:40:36.111059+00,common_days,day_4,Thursday,lachinayi,,,Pa chinai,
commondays-day5-friday,2024-05-22 15:40:36.221194+00,common_days,day_5,Friday,Lachisanu,,,Pa chisanu,
commondays-day6-saturday,2024-05-22 15:40:36.321212+00,common_days,day_6,Saturday,Loweruka,,,Pa chiweru,
commondays-day7-sunday,2024-05-22 15:40:36.390983+00,common_days,day_7,Sunday,Lamulungu,,,Pa sondo,
commonweather--rain,2024-05-22 15:40:39.899811+00,common_weather,,Rain,Mvula,,,Mvula,
cropprobability--chanceofreceivingthewaterrequirementinthedaystomaturityforthiscropvariety,2024-05-22 15:40:40.019776+00,crop-probability,,Chance of receiving the water requirement in the days to maturity for this crop variety,Mwayi olandira madzi amene mbewu imafunikira mu masiku amene mbewu imatenga kuti ikhwime  pa mbewu zosiyanasiyana,,,Mpata wolandila madzi oyenera kuti mtundu wa mbeu iyi iche.,
cropprobability--cropwaterrequirementmm,2024-05-22 15:40:40.199791+00,crop-probability,,Crop water requirement (mm),Kuchuluka kwa madzi amene mbewu imafuna,,,M'yeso wofunikira wa madzi ku mbeu iyi,
cropprobability--daystomaturity,2024-05-22 15:40:40.259869+00,crop-probability,,Days to maturity,Masiku omwe zimatenga kuti ziche,,,Masiku kuti iche,
commondays-dayshort4-thu,2024-05-22 15:40:36.650888+00,common_days,day_short_4,Thu,Thu,,,Lachinayi,
commondays-dayshort5-fri,2024-05-22 15:40:36.700997+00,common_days,day_short_5,Fri,Fri,,,Lachisanu,
commondays-dayshort6-sat,2024-05-22 15:40:36.750857+00,common_days,day_short_6,Sat,Sat,,,Loweruka,
commondays-dayshort7-sun,2024-05-22 15:40:36.810858+00,common_days,day_short_7,Sun,Sun,,,Lamlungu,
commonmonths-month01-january,2024-05-22 15:40:36.870863+00,common_months,month_01,January,January,Januari,Январ,Januwale,
commonmonths-month02-february,2024-05-22 15:40:36.930908+00,common_months,month_02,February,February,Februari,Феврал,Febuluwale,
commonmonths-month03-march,2024-05-22 15:40:36.990906+00,common_months,month_03,March,March,Machi,Март,Malichi,
commonmonths-month04-april,2024-05-22 15:40:37.051266+00,common_months,month_04,April,April,Aprili,Апрел,Epulo,
commonmonths-month06-june,2024-05-22 15:40:37.131324+00,common_months,month_06,June,June,Juni,Июн,Juni,
commonmonths-month07-july,2024-05-22 15:40:37.261354+00,common_months,month_07,July,July,Julai,Июл,Julayi,
commonmonths-month08-august,2024-05-22 15:40:37.331165+00,common_months,month_08,August,August,Agosti,Август,Ogasiti,
commonmonths-month09-september,2024-05-22 15:40:37.40157+00,common_months,month_09,September,September,Septemba,сентябр,Seputembala,
commonmonths-month10-october,2024-05-22 15:40:37.641545+00,common_months,month_10,October,October,Oktoba,Октябр,Okutobala,
commonmonths-month11-november,2024-05-22 15:40:37.701386+00,common_months,month_11,November,November,Novemba,Ноябр,Novembala,
commonmonths-month12-december,2024-05-22 15:40:37.870915+00,common_months,month_12,December,December,Desemba,Декабр,Disembala,
commonmonths-monthshort01-jan,2024-05-22 15:40:38.171194+00,common_months,month_short_01,Jan,Jan,,Янв,Jan,
commonmonths-monthshort02-feb,2024-05-22 15:40:38.44033+00,common_months,month_short_02,Feb,Feb,,Феврал,Feb,
commonmonths-monthshort03-mar,2024-05-22 15:40:38.520077+00,common_months,month_short_03,Mar,Mar,,Пеш,Mar,
commonmonths-monthshort04-apr,2024-05-22 15:40:38.700044+00,common_months,month_short_04,Apr,Apr,,Апралӣ,Apr,
commonmonths-monthshort05-may,2024-05-22 15:40:38.940016+00,common_months,month_short_05,May,May,Mei,Май,May,
commonmonths-monthshort06-jun,2024-05-22 15:40:39.119856+00,common_months,month_short_06,Jun,Jun,,Июн,Jun,
commonmonths-monthshort07-jul,2024-05-22 15:40:39.240097+00,common_months,month_short_07,Jul,Jul,,Шаул,Jul,
commonmonths-monthshort08-aug,2024-05-22 15:40:39.310242+00,common_months,month_short_08,Aug,Aug,,Август,Aug,
commonmonths-monthshort09-sep,2024-05-22 15:40:39.369913+00,common_months,month_short_09,Sep,Sep,,Сен,Sep,
commonmonths-monthshort10-oct,2024-05-22 15:40:39.429962+00,common_months,month_short_10,Oct,Oct,,Окт окт,Oct,
commonmonths-monthshort11-nov,2024-05-22 15:40:39.49995+00,common_months,month_short_11,Nov,Nov,,Ноябр,Nov,
commonmonths-monthshort12-dec,2024-05-22 15:40:39.590059+00,common_months,month_short_12,Dec,Dec,,Кек,Dec,
commonweather--clear,2024-05-22 15:40:39.649954+00,common_weather,,Clear,Kopanda mitambo,,,Chotsani,
commoncrops--tobacco,2024-05-22 15:40:35.800823+00,common_crops,,Tobacco,,,,Fodya,
commondays-dayshort1-mon,2024-05-22 15:40:36.471188+00,common_days,day_short_1,Mon,,,,Lolemba,
commondays-dayshort2-tue,2024-05-22 15:40:36.530847+00,common_days,day_short_2,Tue,,,,Lachiwiri,
commondays-dayshort3-wed,2024-05-22 15:40:36.591334+00,common_days,day_short_3,Wed,Wed,,,Lachitatu,
commonweather--cloudy,2024-05-22 15:40:39.710232+00,common_weather,,Cloudy,Kwamitambo,,,M'dima,
commonweather--heavyrain,2024-05-22 15:40:39.779808+00,common_weather,,Heavy Rain,Mvula ya mphanvu,,,Mvula Yamphamvu,
commonweather--lightrain,2024-05-22 15:40:39.839831+00,common_weather,,Light Rain,Mvula ya mawawa,,,Mvula yochepa,
cropprobability--cropinformation,2024-05-22 15:40:40.081079+00,crop-probability,,Crop Information,Uthenga okhudza mbewu,Maelezo ya Mazao,Маълумоти зироат,Dongosolo lokhudza Mbeu,
cropprobability--herewecanseeinformationforaspecificcropvariety,2024-05-22 15:40:40.369713+00,crop-probability,,Here we can see information for a specific crop variety,Apa tikuona uthenga okhudza mtundu wa mbewu pawokha pawokha,,,Pano titha kuona zambiri za mtundu wa mbeu winawake.,
cropprobability--station,2024-05-22 15:40:40.649808+00,crop-probability,,Station,sitesheni,,,malo,
cropprobability--variety,2024-05-22 15:40:40.869689+00,crop-probability,,Variety,Mtundu wa mbewu,,,Mtundu wa mbeu,
extensioncontent--manual,2024-05-22 15:40:40.989791+00,extension-content,,Manual,Buku,,,Buku,
extensioncontent--monitoring,2024-05-22 15:40:41.049802+00,extension-content,,Monitoring,Kuwunikira,,,Kuyanganira / Kuyendera,
extensioncontent--probability,2024-05-22 15:40:41.159889+00,extension-content,,Probability,kuthekera koti zikhoza kuchitika,Uwezekano,Эҳтимол,mpata wa zoyembekezeleka,
extensioncontent--resources,2024-05-22 15:40:41.229883+00,extension-content,,Resources,zipangizo,Rasilimali,Захираҳо,zipangizo,
extension--clickonthebuttonbelowtoretry,2024-05-22 15:40:41.339826+00,extension,,Click on the button below to retry,dinani pa batani pansipa kuti muyesenso,Bofya kwenye kifungo chini ili ujaribu tena,"Тугмаи поёнро зер кунед, то дубора такрор кунед",dinizani pa batani pansipa kuti muyesenso,
extension--privacypolicy,2024-05-22 15:40:41.389834+00,extension,,Privacy Policy,Mfundo zazinsinsi,,,Mfundo zazinsinsi,
extension--reload,2024-05-22 15:40:41.439799+00,extension,,Reload,bwezeraninso,Pakia tena,Баргиред,bwezeraninso,
extension--somethingwentwrong,2024-05-22 15:40:41.540019+00,extension,,Something went wrong...,chinachake chinalakwika ...,Kitu kilichokosa ...,Чизе хато кард ...,chinachake chinalakwika ...,
manual--aftertheseason,2024-05-22 15:40:42.160022+00,manual,,After the season,Pakutha pa nyengo,,,Pambuyo pakutha kwa Nyengo,
manual--comparedifferentoptionsandplans,2024-05-22 15:40:42.30986+00,manual,,Compare different options and plans,Siyanitsani zisankho ndi ma pulani osiyanasiyana,,,Linganizani Zosankha,
manual--cropinfo,2024-05-22 15:40:42.459905+00,manual,,Crop Info,Zokhudza mbeu,,,Zambiri za Mbeu,
manual--duringtheseason,2024-05-22 15:40:42.579996+00,manual,,During the season,Mkatikati mwa sizoni/nyengo,,,Mkati mwa Nyengo,
manual--farmerschoose,2024-05-22 15:40:42.639984+00,manual,,Farmers choose,Alimi amasankha,,,Alimi asankha,
manual--historicclimate,2024-05-22 15:40:42.689898+00,manual,,Historic climate,mbiri ya za nyengo,,,Mbiri ya za Nyengo,
manual--istheclimatechanging,2024-05-22 15:40:42.810047+00,manual,,Is the climate changing?,Kodi nyengo ikusintha?,,,Kodi nyengo ikusintha?,
manual--justbeforetheseason,2024-05-22 15:40:42.859907+00,manual,,Just before the season,Sizoni/nyengo isanayambe,,,Pafupi kuyamba kwa nyengo,
manual--learnandimprove,2024-05-22 15:40:42.919771+00,manual,,Learn and improve,Kuphunzira ndi kukonza,,,Phunzilani ndi kusintha,
manual--livelihoodinfo,2024-05-22 15:40:42.989803+00,manual,,Livelihood Info,Zokhudza njira zopezera ndalama,,,Zambiri ya makhalidwe,
manual--livestockinfo,2024-05-22 15:40:43.049887+00,manual,,Livestock Info,Mauthenga a ziweto,,,Zambiri ya ziweto,
manual--longbeforetheseason,2024-05-22 15:40:43.099675+00,manual,,Long before the season,Kutali ndi kuyamba kwa nyengo,,,M'malanga,
manual--optionsbycontext,2024-05-22 15:40:43.149763+00,manual,,Options by context,Zisankho potengera nkhani,,,Zosankha Munjirayake,
manual--picsa,2024-05-22 15:40:43.209772+00,manual,,PICSA,PICSA,,,PICSA,
manual--resourceallocationmapram,2024-05-22 15:40:43.259847+00,manual,,Resource Allocation Map (RAM),Mapu ogawa zinthu zimene tikuyenera kugwiritsa ntchito,,,Chitunzi cha Zomwe tilinazo,
manual--responsetoforecast,2024-05-22 15:40:43.319845+00,manual,,Response to forecast,Yankho ku ulosi wa nyengo,,,Zomwe tichita ndi uthenga wa zanyengo,
manual--review,2024-05-22 15:40:43.370109+00,manual,,Review,Kuunikira,,,Ndemanga,
manual--revisit,2024-05-22 15:40:43.439988+00,manual,,Revisit,Kubwereza,,,Yenderansoni,
manual--seasonalforecast,2024-05-22 15:40:43.500179+00,manual,,Seasonal forecast,ulosi wa nyengo,,,Uthenga wa zanyengo,
manual--selectandamend,2024-05-22 15:40:43.559938+00,manual,,Select and amend,sankhani ndipo sinthani,,,Sankhani ndi Kusintha,
manual--shorttermforecastsandwarnings,2024-05-22 15:40:43.650172+00,manual,,Short-term forecasts and warnings,Ulosi wakanthawi kochepa wa zanyengo ndi ma chenjezo,,,Uthenga wa zanyengo wa nthawi yochepa,
manual--stepa,2024-05-22 15:40:43.76997+00,manual,,Step A,Gawo A,,,Gawo A,
manual--stepb,2024-05-22 15:40:43.84974+00,manual,,Step B,Gawo B,,,Gawo B,
manual--stepc,2024-05-22 15:40:43.909798+00,manual,,Step C,Gawo C,,,Gawo C,
manual--stepd,2024-05-22 15:40:43.969836+00,manual,,Step D,Gawo D,,,Gawo D,
farmeractivity--afterwatchingcontinuetotheactivity,2024-05-22 15:40:41.740145+00,farmer-activity,,After watching continue to the activity,,,,,true
farmeractivity--inthisvideoyouwilllearnaboutthepicsastep,2024-05-22 15:40:41.820078+00,farmer-activity,,In this video you will learn about the PICSA step:,,,,,true
farmeractivity--intro,2024-05-22 15:40:41.87999+00,farmer-activity,,Intro,,,,,true
farmeractivity--tool,2024-05-22 15:40:42.009976+00,farmer-activity,,Tool,,,,,true
manual--budget,2024-05-22 15:40:42.24984+00,manual,,Budget,Bajeti,,,Bajeti,true
farmeractivity--activity,2024-05-22 15:40:41.610112+00,farmer-activity,,Activity,,,,,true
cropprobability--nowyouarereadytoexplorethecropinformationtool,2024-05-22 15:40:40.541365+00,crop-probability,,Now you are ready to explore the crop information tool,Tsopano mukhoza kuunika zokhudza chida cha uthenga wa mbewu,,,Tsopano mwakonzeka kufufuza chida cha zambiri zokhudza mbeu.,
cropprobability--thisisthenumberofdaystomaturityforthevariety,2024-05-22 15:40:40.769712+00,crop-probability,,This is the number of days to maturity for the variety,Awa ndi masiku amene mtundu wa mbewu umatenga kuti uche,,,Awa ndi masiku okula kwa mtunduwo.,
cropprobability--thisiswaterrequirementforthevariety,2024-05-22 15:40:40.819832+00,crop-probability,,This is water requirement for the variety,Awa ndi madzi amene amafunikira pa mtundu wa mbewu,,,Izi ndi zofunikira za madzi kwa mtunduwo.,
extensioncontent--farmeractivities,2024-05-22 15:40:40.929688+00,extension-content,,Farmer Activities,Ntchito za mlimi,,,Nchito Za Mlimi,
extensioncontent--takeapptour,2024-05-22 15:40:41.289816+00,extension-content,,Take App Tour,,,,Yendani Patsamba La App,
manual--activityflowchart,2024-05-22 15:40:42.079867+00,manual,,Activity Flow Chart,Ndondomeko ya ntchito,,,Chithunzi cha Nchito,
manual--downloadthepicsamanual,2024-05-22 15:40:42.519756+00,manual,,Download the PICSA Manual,Tengani Bukhu la PICSA kuchokera pa intaneti,,,Tsitsani Buku la PICSA,
manual--introduction,2024-05-22 15:40:42.749785+00,manual,,Introduction,Chiyambi,,,Chiyambi,
manual--stepf,2024-05-22 15:40:44.069863+00,manual,,Step F,Gawo F,,,Gawo F,
manual--stepg,2024-05-22 15:40:44.129759+00,manual,,Step G,Gawo G,,,Gawo G,
manual--steph,2024-05-22 15:40:44.189798+00,manual,,Step H,Gawo H,,,Gawo H,
manual--stepi,2024-05-22 15:40:44.24978+00,manual,,Step I,Gawo I,,,Gawo I,
manual--stepj,2024-05-22 15:40:44.299793+00,manual,,Step J,Gawo J,,,Gawo J,
manual--stepk,2024-05-22 15:40:44.359767+00,manual,,Step K,Gawo K,,,Gawo K,
manual--stepl,2024-05-22 15:40:44.419903+00,manual,,Step L,Gawo L,,,Gawo L,
manual--thefarmerdecides,2024-05-22 15:40:44.469768+00,manual,,The farmer decides,Mulimi amapanga chiganizo,,,Mlimi asankha zochita,
manual--whataretheoptionsforthefarmer,2024-05-22 15:40:44.589691+00,manual,,What are the options for the farmer?,Zisankho zomwe mulimi alinazo ndi ziti?,,,Kodi nizosankha zotani mam'limi?,
manual--whataretheprobabilitiesandrisks,2024-05-22 15:40:44.639691+00,manual,,What are the probabilities and risks?,Kodi kuthera koti zikhoza kuchitika komanso ziopzezo zake ndi ziti?,,,Kodi pali m'pata wotani komanso ziophyezo?,
manual--whatdoesthefarmercurrentlydo,2024-05-22 15:40:44.689689+00,manual,,What does the farmer currently do?,Kodi muliliyu amapanga chiyani pakadali pano?,,,Kodi m'limi achita zotani pa nthawi ino?,
monitoring--forms,2024-05-22 15:40:44.879804+00,monitoring,,Forms,mafomu,,,mafomu,
option--activities,2024-05-22 15:40:45.11999+00,option,,Activities,Zochitika,Shughuli,Фаъолият,Zinchito,
option--crop,2024-05-22 15:40:45.661213+00,option,,Crop,mbewu,,кишт,zokolora,
option--days,2024-05-22 15:40:45.790024+00,option,,Days,Masiku,Siku,Рӯзҳо,Masiku,
option--livestock,2024-05-22 15:40:46.480052+00,option,,Livestock,ziweto,,чорвоӣ,ziweto,
option--money,2024-05-22 15:40:46.93977+00,option,,Money,ndalama,,пул,ndalama,
option--selectenterprise,2024-05-22 15:40:47.519899+00,option,,Select Enterprise,sankhani mtundu wa bizinezi,Chagua Enterprise,Корхона интихоб кунед,sankhani makampani,
resources--collectionnotfound,2024-05-22 15:40:48.039724+00,resources,,Collection not found,Kutolera sizikupezeka,,,Zokonzedwa bwino sizikupezeka,
resources--title,2024-05-22 15:40:48.699996+00,resources,,Title,mutu,,Ном,mutu,
monitoring--allsubmitted,2024-05-22 15:40:44.749954+00,monitoring,,All Submitted,,,,Zonse Zaperekedwa,
monitoring--createnew,2024-05-22 15:40:44.819898+00,monitoring,,Create New,Pangani yatsopano,,,Pangani Chatsopano,
monitoring--records,2024-05-22 15:40:44.939774+00,monitoring,,Records,Ma record,,,Zolemba,
monitoring--submit,2024-05-22 15:40:45.059864+00,monitoring,,Submit,Tumizani,,,Perekani,
option--add,2024-05-22 15:40:45.179924+00,option,,Add,Onjezerani,,,Onjezani,
option--and,2024-05-22 15:40:47.919827+00,option,,and,ndi,,,ndipo,
option--bad,2024-05-22 15:40:45.349809+00,option,,Bad,kusachita bwino,,,Zoipa,
option--benefit,2024-05-22 15:40:47.969716+00,option,,benefit,,,,Phindu,
option--benefits,2024-05-22 15:40:45.409857+00,option,,Benefits,Phindu,,,Mapindu,
option--both,2024-05-22 15:40:45.599862+00,option,,Both,Zonse ziwiri,,,Zonsezi,
option--cropoptions,2024-05-22 15:40:45.719832+00,option,,Crop Options,Zisankho zokhudza Mbewu,,,Zosankha za Mbeu,
option--decisions,2024-05-22 15:40:45.849834+00,option,,Decisions,Ziganzo,,,Zosankha,
option--female,2024-05-22 15:40:45.909875+00,option,,Female,Mkazi,,,Mkazi,
option--finish,2024-05-22 15:40:45.959915+00,option,,Finish,Malizitsani,,,Malizitsani,
option--good,2024-05-22 15:40:46.049801+00,option,,Good,Kuchita bwino,,,Zabwino,
option--livelihood,2024-05-22 15:40:46.280011+00,option,,Livelihood,Zinthu zina zopezera ndalama,,,Moyo Wabwino,
option--livestockoptions,2024-05-22 15:40:46.629732+00,option,,Livestock Options,Zisankho zokhudza ziweto,,,Zosankha Zanyama Zolima,
option--low,2024-05-22 15:40:46.709909+00,option,,Low,Zochepa,,,Zapansi,
option--male,2024-05-22 15:40:46.769745+00,option,,Male,Mamuna,,,Mwamuna,
option--medium,2024-05-22 15:40:46.829733+00,option,,Medium,pakatikati,,,Zapakati,
option--mid,2024-05-22 15:40:46.889812+00,option,,Mid,Yachikatikati,,,Zapakati pa Nyengo,
option--months,2024-05-22 15:40:47.009797+00,option,,Months,Miyezi,Miezi,моҳҳо,Miyesedwa (miyezi),
option--neutral,2024-05-22 15:40:47.079708+00,option,,Neutral,Chikatikati,,,Wosasankha mbali,
option--only,2024-05-22 15:40:47.129739+00,option,,Only,Yokha,,,Zokha,
option--performance,2024-05-22 15:40:47.179754+00,option,,Performance,Mene zimachitira,,,Kuchita Bwino,
option--practice,2024-05-22 15:40:47.299795+00,option,,Practice,Choti muchite,,,Kachitidwe,
option--risk,2024-05-22 15:40:47.359811+00,option,,risk,Chiopsezo,,,Chiopsezo,
option--risks,2024-05-22 15:40:47.409778+00,option,,Risks,Ziopsezo,,,Mavuto,
option--time,2024-05-22 15:40:47.579718+00,option,,Time,Nthawi,,,Nthawi,
option--timetostartbenefiting,2024-05-22 15:40:47.639868+00,option,,Time to start benefiting,Nthawi yomwe imatenga kuti muyambe kupindula,,,Nthawi Yoyamba Kupindula,
option--weeks,2024-05-22 15:40:47.699772+00,option,,Weeks,Milungu,,ҳафтаҳо,Masabata,
option--whodoesactivity,2024-05-22 15:40:47.749782+00,option,,Who does activity,Amapanga ntchitoyi ndindani?,,,Amachita Ntchito Yotani,
resources--collections,2024-05-22 15:40:48.089809+00,resources,,Collections,Zosungidwa zosiyanasiyana,,,Zosonkhanitsa,
resources--downloadall,2024-05-22 15:40:48.139907+00,resources,,Download All,Tengani zonse kuchera pa intaneti,,,Tsitsani Zonse,
resources--files,2024-05-22 15:40:48.239722+00,resources,,Files,Ma faelo,,,Zikwatu,
resources--links,2024-05-22 15:40:48.349789+00,resources,,Links,Njira zopera zapa intaneti,,,Mauthenga,
resources--managedownloads,2024-05-22 15:40:48.409976+00,resources,,Manage Downloads,Onani zotengedwa pa internet,,,Kuwongolera Zotsitsa,
resources--noresultsfound,2024-05-22 15:40:48.469944+00,resources,,No results found,Zotsatira sizinapezeke,,,Palibe Zotsatira Zopezeka,
resources--search,2024-05-22 15:40:48.529927+00,resources,,Search,"Fufuzani ",,,Fufuzani,
resources--searchresources,2024-05-22 15:40:48.5799+00,resources,,Search Resources,Fufuzani zipangizo,,,Fufuzani Zothandizira,
resources--size,2024-05-22 15:40:48.639868+00,resources,,Size,Makulidwe,,,Kukula,
resources--type,2024-05-22 15:40:48.749782+00,resources,,Type,Mtundu,,,Mtundu,
seasonalcalendar--copy,2024-05-22 15:40:48.92988+00,seasonal-calendar,,Copy,Kopelani,,,Koperani,
common--youdecideandmakeaplan,2024-07-22 00:49:14.670789+00,common,,You decide and make a plan,,,,Mumasankha ndikupanga dongosolo,
common--ram,2024-07-22 00:49:13.29149+00,common,,Ram,,,,Ram,
common--addphoto,2024-08-18 23:17:29.4077+00,common,,Add Photo,,,,,
common--intro,2024-08-18 23:17:29.897668+00,common,,Intro,,,,,
common--nophotosadded,2024-08-18 23:17:29.947626+00,common,,No photos added,,,,,
common--testimonials,2024-08-18 23:17:30.147664+00,common,,Testimonials,,,,,
commoncropactivity--applypesticide,2024-08-18 23:17:30.457744+00,common_crop_activity,,apply pesticide,kopopela mankhwala a tizilombo,,пестисидҳоро татбиқ кунед,thirani mankhwala,
commoncropactivity--bagging,2024-08-18 23:17:30.507717+00,common_crop_activity,,bagging,kupakila mmatumba,,халта,kuika m'mathumba,
commoncropactivity--banding,2024-08-18 23:17:30.557583+00,common_crop_activity,,banding,kubandila,,банд,kumangilira,
commoncropactivity--compostmanuremaking,2024-08-18 23:17:30.607644+00,common_crop_activity,,compost manure making,kupanga manyowa,,компост компост,kupanga manyowa kuzinyalala,
commoncropactivity--harvesting,2024-08-18 23:17:30.66761+00,common_crop_activity,,harvesting,kukolola,,гирдоварӣ,kukolola,
commoncropactivity--landclearing,2024-08-18 23:17:30.717589+00,common_crop_activity,,land clearing,kusosa,,тозакунии замин,kukonza malo,
commoncropactivity--marketingandselling,2024-08-18 23:17:30.767649+00,common_crop_activity,,marketing and selling,kutsatsa ndi kugulitsa,,Маркетинг ва фурӯш,kutsatsa ndi kugulitsa,
commoncropactivity--mulching,2024-08-18 23:17:30.817586+00,common_crop_activity,,mulching,kuphimbila,,пешкаш,mochi,
commoncropactivity--ploughing,2024-08-18 23:17:30.867573+00,common_crop_activity,,ploughing,kugalauza,,шудгор кардан,kugaula,
commoncropactivity--postharvesthandling,2024-08-18 23:17:30.91769+00,common_crop_activity,,post-harvest handling,kusamala zokolora,,Мавридҳои ҳосили пас аз,kagwiridwe pambuyo po kolola,
commoncropactivity--shelling,2024-08-18 23:17:30.967582+00,common_crop_activity,,shelling,kutonola/kusola,,релинг,kutongola,
budget-activities-postharvesthandling,2024-05-22 15:40:23.770952+00,budget,activities,post-harvest handling,kusamala zokolora,,Мавридҳои ҳосили пас аз,kagwiridwe pambuyo po kolola,true
climate--above,2024-05-22 15:40:31.420967+00,climate,,Above,,,,,true
climate--calculatedwiththedaterangeofstartofrainsandendoftherains,2024-05-22 15:40:31.653304+00,climate,,Calculated with the date range of Start of rains and End of the rains,,,,,true
climate--first3daysreceivingrainfallamountof20mmandnotfollowedby9daydryspellforthenext21days,2024-05-22 15:40:31.831041+00,climate,,First 3 days receiving rainfall amount of 20mm and not followed by 9-day dry spell for the next 21 days,,,,,true
cropprobability--longitude3426latitude1291altitude500,2024-05-22 15:40:40.48975+00,crop-probability,,"Longitude:34.26, Latitude: -12.91 Altitude: 500.","Longitude:34.26, Latitude: -12.91 Altitude: 500.",,,"Kutalika :34.26, Kutambasuka:12.91, Mtunda wa M'mwamba : 500",true
budget--cardlabel,2024-07-22 00:49:10.723004+00,budget,,Card Label,Dzina la choonjezeredwa,,,Chizindikiro cha Khadi,
climate--annualforecast,2024-07-22 00:49:10.908935+00,climate,,Annual Forecast,,,,Chisonyezo cha nyengo chaka chonse,
climate--forecast,2024-07-22 00:49:11.301227+00,climate,,Forecast,,,,Chisonyezo cha nyengo,
common--above,2024-07-22 00:49:11.48823+00,common,,Above,Pamwamba,,,Pamwamba,
common--below,2024-07-22 00:49:11.683625+00,common,,Below,Pamunsi,,,Pansi,
common--budget,2024-07-22 00:49:11.875845+00,common,,Budget,Bajeti,,,Bajeti,
common--calendar,2024-07-22 00:49:12.297453+00,common,,Calendar,Kalendala,,,Kalendala,
common--capacityof100mmon1stmarchreduces05withevaporationrateof5mmperday,2024-07-22 00:49:12.501251+00,common,,Capacity of 100mm on 1st March reduces 0.5 with evaporation rate of 5mm per day,"Kuthekera kwa ma milita 100 pa 1 March kumachepa ndi theka madzi akamachoka munthaka ma milimita 5 pa tsiku, posanduka mpweya",,,Kuthekera kwa 100mm pa 1 March kumachepa 0.5 ndi kutha kwa madzi kwa 5mm patsiku,
common--clearall,2024-07-22 00:49:12.699421+00,common,,Clear All,Chotsani zonse,,,Chotsani Zonse,
common--drawhere,2024-07-22 00:49:12.896617+00,common,,Draw Here,Jambulani apa,,,Jambulani Apa,
common--redo,2024-07-22 00:49:13.479066+00,common,,Redo,Panganinso,,,Kubwelezanso,
common--tool,2024-07-22 00:49:13.85765+00,common,,Tool,Zipangizo,,,Chida,
common--undo,2024-07-22 00:49:14.084736+00,common,,Undo,Kuchotsa zomwe mudapanga,,,Kubwezeretsa,
common--usetheforecaststoupdateandadaptyourplans,2024-07-22 00:49:14.278545+00,common,,Use the forecasts to update and adapt your plans,,,,Gwiritsani nchito chisonyezo cha mvula kuti musinthe ndikukonzekera,
seasonalcalendar--createcalendar,2024-05-22 15:40:48.989732+00,seasonal-calendar,,Create Calendar,Pangani Kalendala,,,Pangani Kalendala,
seasonalcalendar--examplecalendar,2024-05-22 15:40:49.039686+00,seasonal-calendar,,Example Calendar,Chitsanzo cha kalendala,,,Chitsanzo cha Kalendala,
seasonalcalendar--nosavedcalendars,2024-05-22 15:40:49.089842+00,seasonal-calendar,,No saved calendars,Palibe kalendala zosungidwa,,,Palibe makalendala osungidwa,
seasonalcalendar--numberofmonths,2024-05-22 15:40:49.149699+00,seasonal-calendar,,Number of Months,Kuchuluka kwa Miyezi,,,Chiwerengero cha Miyesedwa (miyezi),
seasonalcalendar--pleaseaddtitle,2024-05-22 15:40:49.209817+00,seasonal-calendar,,Please add title,Chonde lembani Mutu wake,,,Chonde Onjezani Mutu,
seasonalcalendar--pleaseenterstartmonth,2024-05-22 15:40:49.259805+00,seasonal-calendar,,Please enter start month,Chonde lembani mwezi oyambira,,,Chonde Lowetsani Mwezi Woyamba,
seasonalcalendar--pleaseentertotalmonths,2024-05-22 15:40:49.319844+00,seasonal-calendar,,Please enter total months,Chonde lembani Miyezi yonse,,,Chonde Lowetsani Nthawi Yonse (miyezi),
seasonalcalendar--pleaseselectatleast1crop,2024-05-22 15:40:49.379755+00,seasonal-calendar,,Please select at least 1 crop,Chonde sankhani mbewu zosachepera imodzi,,,Chonde Sankhani Osachepera Mbeu Imodzi,
seasonalcalendar--savecopy,2024-05-22 15:40:49.429836+00,seasonal-calendar,,Save Copy,Sungani Zomwe zalembedwa,,,Sungani Kopi,
seasonalcalendar--seasoncrops,2024-05-22 15:40:49.529768+00,seasonal-calendar,,Season Crops,Mbewu za pa chaka,,,Mbeu Zanyengo,
seasonalcalendar--startmonth,2024-05-22 15:40:49.579734+00,seasonal-calendar,,"Start Month ",Mwezi oyambira,,,Yambani Mwezi,
commoncropactivity--storage,2024-08-18 23:17:31.017739+00,common_crop_activity,,storage,kusunga,,анбор,kasungidwe,
commoncropactivity--threshing,2024-08-18 23:17:31.067693+00,common_crop_activity,,threshing,kupuntha,,пешбинӣ,kupuntha,
commoncropactivity--transport,2024-08-18 23:17:31.117669+00,common_crop_activity,,transport,transipoti,,наклиёт,mayendedwe,
commoncropactivity--valueaddition,2024-08-18 23:17:31.17761+00,common_crop_activity,,value addition,kuwonjezera phindu,,Илова,kuwonjezera phindu,
commoncrops--paprika,2024-08-18 23:17:31.227707+00,common_crops,,Paprika,,,,,
commoncrops--pearlmillet,2024-08-18 23:17:31.277695+00,common_crops,,Pearl Millet,,,,,
commoncrops--potatoes,2024-08-18 23:17:31.327759+00,common_crops,,Potatoes,,,,,
commoncrops--sesame,2024-08-18 23:17:31.3777+00,common_crops,,Sesame,,,,,
cropprobability--district,2024-08-18 23:17:31.427717+00,crop-probability,,District,,,,,
budget-activities-applypesticide,2024-05-22 15:40:23.010916+00,budget,activities,apply pesticide,kopopela mankhwala a tizilombo,,пестисидҳоро татбиқ кунед,thirani mankhwala,true
cropprobability--calculatedbyusingfaoclimwat20forcropwatandcropwat80andclimatedatafornkhotakotametstation,2024-05-22 15:40:39.959902+00,crop-probability,,Calculated by using FAO CLIMWAT 2.0 for Cropwat and Cropwat 8.0 and climate data for Nkhotakota Met Station.,Kuwerengeredwa pogwiritsa ntchito FAO CLIMWAT 2.0 ya Cropwat ndi Cropwat 8.0 ndi uthenga wa  zanyengo ya Nkhotakota Met Station.,,,Kuwerengela kusewenzetsa FAO CLIMWAT 2.0 for Cropwat and Cropwat 8.0 and climate data for Nkhotakota Met Station.,true
option--addbenefit,2024-08-19 00:26:13.613304+00,option,,add benefit,Onjezerani zomwe mungapindule,,,,
budget--addcard,2024-05-22 15:40:27.690824+00,budget,,Add Card,Onjezerani china,,,Onjezani Khadi,
budget--budgettool,2024-05-22 15:40:27.930812+00,budget,,Budget Tool,,Chombo cha Bajeti,Воситаи буҷет,Chida Cha Bajeti,
climate--downscaledforecast,2024-07-22 00:49:11.100386+00,climate,,Downscaled Forecast,Ulosi wa dela laling'ono,,,Chisonyezo cha nyengo chochepa,
climate-chart-extremerainfallaredayswherethetotalamountofrainexceedsthe95thpercentile,2024-05-22 15:40:30.551146+00,climate,chart,Extreme rainfall are days where the total amount of rain exceeds the 95th Percentile,Mvula yopyola muyeso ndi masiku amene mlingo wa mvula yapitilira gawo la 95 percent,,,Kugwa kwamphamvu kwa mvula ndi masiku omwe mvula yonse yopitirira 95th Percentile,
common--seasonaltotalrainfallcalculatedbetweenthedefinedstartanddefinedendoftheseason,2024-07-22 00:49:13.659536+00,common,,Seasonal total rainfall calculated between the defined start and defined end of the season,Mvula yonse yogwa pachaka yomwe yawerengetseredwa pakati pa kuyamba ndi kutha kwa nyengo ya mvula,,,Mvula yonse ya nyengo yowerengeka pakati pa kuyamba koyambika ndi kutha koyambika kwa nyengo,
common--whataretheopportunitiesandrisk,2024-05-22 15:40:34.090903+00,common,,What are the opportunities and risk?,Kodi pali mwayi ndi ziopsezo zotani?,,,Kodi mwayi ndi zoopsa ndi chiyani?,
commoncropactivity--landpreparation,2024-05-22 15:40:34.490914+00,common_crop_activity,,Land Preparation,Kukonza nthaka,,,Kusosa /kukonzekera Malo,
cropprobability--eachrowcontainsinformationaboutcropvarietydaystomaturityandwaterrequirementprobabilitiesofreceivingrequirementsareshownfordifferentplantingdates,2024-05-22 15:40:40.315649+00,crop-probability,,"Each row contains information about crop, variety, days to maturity and water requirement. Probabilities of receiving requirements are shown for different planting dates","Mzele uliwonse opita kumanja uli ndi uthenga okhudza mbewu, mtundu wa mbewuyo, masiku omwe imatenga kuti ikhwime komanso madzi omwe imafuna. Kuthekera kokwaniritsa zofunikirazi kukuonetsedwa pa masiku obzalira osiyanasiyana",,,"Mzere uliwonse uli ndi zambiri zokhudza mbeu, mtundu, masiku okula ndi zofunikira za madzi. Mwayi wokwaniritsa zofunikirazo ukuwonetsedwa kwa masiku osiyanasiyana okololako.",
cropprobability--probabilityofseasonstartonorbeforedate,2024-05-22 15:40:40.599723+00,crop-probability,,Probability of season start on or before date,Kuthekera kwakuti nyengo ya mvula iyamba pa tsiku linalake kapena tiskuli lisanakwane,,,Mwayi wa kuyamba kwa nyengo pa tsiku linalake kapena musanatike.,
cropprobability--thematurityandwaterrequirementscanbeusedtocalculatethechanceofsatisfyingtheseconditionsforaspecificplantingdate,2024-05-22 15:40:40.719859+00,crop-probability,,The maturity and water requirements can be used to calculate the chance of satisfying these conditions for a specific planting date,Kakhwimidwe komanso madzi amene amafunikira pa mbewu zikhoza kugwiritsidwa ntchito kuwerengetsera mwayi umene ulipo kukwaniritsa izi pa date linalake,,,Masiku okhwima ndi zofunikira za madzi zitha kugwiritsidwa ntchito kuwerengera mwayi wokwaniritsa izi pa tsiku losankhira kulima.,
extension--switchtoextension,2024-07-22 00:49:14.868101+00,extension,,Switch to Extension,Sinthani kupita kwa Mlangizi,,,Sinthani ku Extension,
extension--switchtofarmer,2024-07-22 00:49:15.07349+00,extension,,Switch to Farmer,Sinthani kupita kwa Mlimi,,,Sinthani ku Mlimi,
manual--whataretheopportunitiesandrisks,2024-05-22 15:40:44.529702+00,manual,,What are the opportunities and risks?,Kodi pali mwayi ndi ziopsezo zotani?,,,Kodi mwayi ndi zoopsa ndi chiyani?,
monitoring--submissions,2024-05-22 15:40:44.999914+00,monitoring,,Submissions,Zotumizidwa,,,Zopereka,
option--benefitsandwho,2024-05-22 15:40:45.469926+00,option,,Benefits and who,"Phindu ndiamene amapindula ",,,Mapindu ndi Ndani,
option--investment,2024-05-22 15:40:46.169978+00,option,,Investment,Zolowetsa,,,Kuyika Ndalama,
option--investmentintermsofmoneyandtime,2024-05-22 15:40:46.23004+00,option,,Investment in terms of money and time,Zolowetsa ku nkhani ya ndalama komanso Nthawi,,,Kuyika Ndalama Potengera Ndalama ndi Nthawi,
option--nameofpractice,2024-05-22 15:40:47.022009+00,option,,Name of practice,Dzina la choti muchite,,,Dzina la Kachitidwe,
option--performanceinhighmidandlowrainfall,2024-05-22 15:40:47.239782+00,option,,"Performance in high, mid and low rainfall","M'mene zimachitira kukakhala mvula  yochepa, yachikatikati kapena yochepa",,,"Kuchita Bwino Pa Mvula Yambiri, Yochepa, ndi Yapakati",
option--whodoestheactivity,2024-05-22 15:40:47.809769+00,option,,Who does the activity,Amapanga ntchitoyi ndindani?,,,Amachita Ntchito Yotani,
resources--downloaded,2024-05-22 15:40:48.189697+00,resources,,Downloaded,Zotengedwa pa intaneti,,,Zatsitsidwa,
resources--inputatleast3letterstosearch,2024-05-22 15:40:48.289799+00,resources,,Input at least 3 letters to search,Lembani zilembo zosachepera zitatu kuti mufufuze,,,Lembani Osachepera Makalata Atatu Kuti Mufufuze,
seasonalcalendar--create,2024-07-22 00:49:15.253476+00,seasonal-calendar,,Create,Pangani,,,Pangani,
seasonalcalendar--savedcalendars,2024-05-22 15:40:49.479793+00,seasonal-calendar,,Saved Calendars,Kalendala zosungidwa,,,Makalendala Osungidwa,
common--calculatedwiththedaterangeofstartofrainsandendoftherains,2024-07-22 00:49:12.089086+00,common,,Calculated with the date range of Start of rains and End of the rains,Yomwe yawerengetseredwa pakati pa date loyambira ndi lothera mvula,,,Zowerengedwa ndi nthawi ya kuyamba kwa mvula ndi kutha kwa mvula,
common--first3daysreceivingrainfallamountof20mmandnotfollowedby9daydryspellforthenext21days,2024-07-22 00:49:13.092291+00,common,,First 3 days receiving rainfall amount of 20mm and not followed by 9-day dry spell for the next 21 days,Masiku atatu oyambirira akulandira mvula yokwana 20mm ndipo osatsatiridwa ndi nyengo yang'amba ya masiku 9 kwa masiku 21 otsatira,,,Masiku atatu oyamba kulandira mvula ya 20mm ndipo osatsatiridwa ndi masiku 9 opanda mvula kwa masiku 21 otsatira,
common--imanextensionworker,2024-05-22 15:40:33.561013+00,common,,I'm an extension worker,Ndine Mlangizi,,,Ndine nyanchito wa zaulimi,
cropprobability--cropprobabilitiesdependonwhentheseasonstartshereyoucanseetheprobabilitiesoftheseasonstartingatdifferentdates,2024-05-22 15:40:40.139988+00,crop-probability,,"Crop probabilities depend on when the season starts.
Here you can see the probabilities of the season starting at different dates",Kuthekera kokhudzana ndi mbewu kumatengera  mmene nyengo ya mvula imayambira. Apa mukhoza kuona kuthekera kwakuti nyengp ya mvula iyamba ma date osiyanasiyana,,,Mwayi wa mbeu umadalira nthawi imene nyengo iyamba. Pano mungathe kuona mwayi wa nyengo kuyamba pa masiku osiyanasiyana,
cropprobability--inthecropinformationtableyouwillbeabletoseetheprobabilitiesfordifferentcropsthroughthedifferentseasons,2024-05-22 15:40:40.434206+00,crop-probability,,"In the crop information table, you will be able to see the probabilities for different crops through the different seasons.","Mu mndandanda wa uthenga okhudza mbeu, muona kuthekera kwa mbewu zosiyanasiyana mu nyengo zosiyanasiyananso",,,"Mu tebulo la zambiri zokhudza mbeu, mudzatha kuwona mwayi wa mbeu zosiyanasiyana pazinyengo zosiyanasiyana.",
cropprobability--thecropfiltershowsmoreinformationforspecificcrops,2024-05-22 15:40:40.662001+00,crop-probability,,The crop filter shows more information for specific crops,Chosefera mbewu chikuonetsa uthenga wambiri wa mbewu zosiyanasiyana,,,Chosefera cha mbeu chimawonetsa zambiri zokhudza mbeu zina.,
manual--comparingdifferentoptionsandplanningusingparticipatorybudgets,2024-05-22 15:40:42.369901+00,manual,,Comparing different options and planning using Participatory Budgets,Kusiyanitsa zisankho zosiyanasiyana ndikupanga plan kugwiritsa ntchito ma Bajeti opangira pamodzi,,,Kuyerekeza zosankha zosiyanasiyana ndikupanga dongosolo pogwiritsa ntchito Bajeti Yachigawo.,
option--addoption,2024-05-22 15:40:45.239799+00,option,,Add Option,Onjezerani chisankho,,,Onjezani Njira,
option--high,2024-05-22 15:40:46.109949+00,option,,High,Zambiri,,,Zapamwamba,
option--livelihoodoptions,2024-05-22 15:40:46.339916+00,option,,Livelihood Options,Zisankho zokhudza zinthu zina zopezera ndalama,,,Zosankha Zokhudza Moyo,
option--risksordisadvantages,2024-05-22 15:40:47.459758+00,option,,Risks or disadvantages,Zisopsezo kapena Kuipa kwake,,,Zoopsa Kapena Zopindulitsa Zochepa,
option--whomakesdecisions,2024-05-22 15:40:47.869711+00,option,,Who makes decisions,Amapanga ziganizo ndindani?,,,Amayendetsa Zosankha Ndani,
seasonalcalendar--calendarname,2024-05-22 15:40:48.869711+00,seasonal-calendar,,Calendar name,"Dzina la  kalendala                                                                                   ",,,Dzina la Kalendala,
seasonalcalendar--calendartime,2024-05-22 15:40:48.819831+00,seasonal-calendar,,Calendar Time,Nthawi ya pa kalendala,,,Nthawi ya Kalendala,
common--whatchangescanyoumake,2024-05-22 15:40:34.201028+00,common,,What changes can you make?,,,,Kodi mungasinthe chiyani?,